{
  "project_info": {
    "project_number": "269600740612",
    "project_id": "proyecto-final-base-de-d-e095b",
    "storage_bucket": "proyecto-final-base-de-d-e095b.appspot.com"
  },
  "client": [
    {
      "client_info": {
        "mobilesdk_app_id": "1:269600740612:android:216412cc662b8d3e5b6c51",
        "android_client_info": {
          "package_name": "com.example.a27_04"
        }
      },
      "oauth_client": [
        {
          "client_id": "269600740612-u318f9sp20fhpulsk98m2uf2opoirbmd.apps.googleusercontent.com",
          "client_type": 3
        }
      ],
      "api_key": [
        {
          "current_key": "AIzaSyA8OxGI81jPoZWd-LgwE4O5585256qZrbE"
        }
      ],
      "services": {
        "appinvite_service": {
          "other_platform_oauth_client": [
            {
              "client_id": "269600740612-u318f9sp20fhpulsk98m2uf2opoirbmd.apps.googleusercontent.com",
              "client_type": 3
            }
          ]
        }
      }
    },
    {
      "client_info": {
        "mobilesdk_app_id": "1:269600740612:android:3d12541446c448ca5b6c51",
        "android_client_info": {
          "package_name": "com.example.proyectofinal"
        }
      },
      "oauth_client": [
        {
          "client_id": "269600740612-u318f9sp20fhpulsk98m2uf2opoirbmd.apps.googleusercontent.com",
          "client_type": 3
        }
      ],
      "api_key": [
        {
          "current_key": "AIzaSyA8OxGI81jPoZWd-LgwE4O5585256qZrbE"
        }
      ],
      "services": {
        "appinvite_service": {
          "other_platform_oauth_client": [
            {
              "client_id": "269600740612-u318f9sp20fhpulsk98m2uf2opoirbmd.apps.googleusercontent.com",
              "client_type": 3
            }
          ]
        }
      }
    }
  ],
  "configuration_version": "1"
}